channel,well,adapter,collinear_confidence,conductance,conductance_filtered_data,event,experiment_tag,flow_cell_id,group_1_adjusted_offset_0mv_pa,group_1_adjusted_offset_0mv_std,group_1_offset_voltage_mv,group_order,include_well,initial_0mv_current_pa,initial_0mv_current_std,initial_current_0_pa,initial_current_1_pa,initial_current_2_pa,initial_voltage_0_mv,initial_voltage_1_mv,initial_voltage_2_mv,intercept,intercept_adjusted_0mv_current_pa,intercept_adjusted_0mv_current_std,multiple,mux_scan_assessment,mux_uncertain,pore,pore_1,pore_median,pore_sd,previous_offset,scan_number,scan_offset_voltage_mv,scan_running_voltage_mv,seconds_since_start_of_run,strand,strand2,strand_median,strand_range,total_good_samples,total_time_active,transition,unavailable,unclassed,unknown_negative,unknown_positive,zero
1,1,0,-2.21,0.461,True,3096,no_sample,AUC747,-1.825,1.808,0,0,0,0.88,1.757,5.001,9.724,14.226,-10,-20,-30,0.918,0.88,1.789,0,unavailable,0,0,22220,,,0,1,0,-195,3,0,0,,,3096,0.0,0,5010,0,0,25203,0
2,1,0,,,False,0,no_sample,AUC747,,,0,0,0,,,,,,-10,-20,-30,,,,0,saturated,0,0,0,,,0,1,0,-195,3,0,0,,,0,0.0,0,0,0,0,0,0
3,1,0,,,False,0,no_sample,AUC747,,,0,0,0,,,,,,-10,-20,-30,,,,0,saturated,0,0,0,,,0,1,0,-195,3,0,0,,,0,0.0,0,0,0,0,0,0
4,1,7615,3.88,0.772,True,212,no_sample,AUC747,1.345,1.69,0,1,1,1.28,1.677,8.654,16.178,24.09,-10,-20,-30,1.125,1.338,1.675,0,single_pore,0,6699,587,221.25,1.99,0,1,0,-195,3,5000,11734,98.75,42.8,19526,0.0,0,15726,0,0,7128,0
5,1,16558,1.57,0.754,True,279,no_sample,AUC747,1.36,1.689,0,1,1,1.495,1.655,8.739,16.203,23.824,-10,-20,-30,1.551,1.453,1.65,0,single_pore,0,24762,1180,214.99,1.82,0,1,0,-195,3,0,0,,,41599,0.0,0,0,0,0,12466,0
6,1,0,24.63,0.272,False,0,no_sample,AUC747,0.745,1.701,0,0,0,0.307,1.732,2.647,4.136,8.088,-10,-20,-30,-2.944,0.174,1.685,0,unavailable,0,0,5,,,0,1,0,-195,3,0,0,,,0,0.0,0,43738,0,0,0,0
7,1,4240,4.57,0.757,True,66,no_sample,AUC747,1.8,1.612,0,0,0,1.837,1.611,9.044,16.389,24.191,-10,-20,-30,1.834,1.818,1.651,0,other,0,3046,47324,217.0,1.76,0,1,0,-195,3,0,0,,,7352,0.0,0,0,0,0,3730,0
8,1,11427,2.91,0.766,True,107,no_sample,AUC747,1.806,1.604,0,1,1,1.867,1.595,9.097,16.608,24.41,-10,-20,-30,1.815,1.819,1.565,0,single_pore,0,3229,1290,218.6,1.81,0,1,0,-195,3,6340,0,122.08,62.6,21103,0.0,0,26727,0,0,5186,287
9,1,732,1.45,0.465,True,1710,no_sample,AUC747,1.648,1.644,0,0,0,1.436,1.684,6.301,10.875,15.594,-10,-20,-30,3.507,1.135,1.697,0,unavailable,0,0,13727,,,0,1,0,-195,3,0,0,,,2442,0.0,0,11155,0,0,21144,6145
10,1,904,4.87,0.756,True,41,no_sample,AUC747,1.959,1.606,0,0,0,1.985,1.609,9.131,16.447,24.25,-10,-20,-30,1.964,1.892,1.616,0,other,0,216,55551,215.41,1.56,0,1,0,-195,3,0,0,,,1161,0.0,0,0,0,0,3,0
11,1,21210,4.34,0.757,True,115,no_sample,AUC747,2.017,1.643,0,1,1,1.958,1.626,9.142,16.493,24.278,-10,-20,-30,1.978,1.988,1.648,0,single_pore,0,7029,5665,213.93,1.65,0,1,0,-195,3,4916,0,115.59,59.1,33270,0.0,0,10853,0,0,9601,0
12,1,22481,-27.89,0.394,False,126,no_sample,AUC747,1.657,1.685,0,1,1,1.699,1.652,2.889,8.223,10.768,-10,-20,-30,-2.229,0.887,1.809,0,single_pore,0,5745,868,212.95,1.96,0,1,0,-195,3,10129,0,118.22,55.5,38481,0.0,0,12150,0,0,2472,0
13,1,7562,5.57,0.759,True,25,no_sample,AUC747,0.499,1.829,0,1,1,0.993,1.788,8.424,15.738,23.609,-10,-20,-30,0.963,0.949,1.761,0,single_pore,0,3041,32024,216.65,1.8,0,1,0,-195,3,4154,0,120.06,65.3,14782,0.0,0,1591,0,0,6597,0
14,1,0,,,False,0,no_sample,AUC747,,,0,0,0,,,,,,-10,-20,-30,,,,0,saturated,0,0,0,,,0,1,0,-195,3,0,0,,,0,0.0,0,0,0,0,0,0
15,1,10860,3.27,0.769,True,18,no_sample,AUC747,1.439,1.69,0,1,1,1.511,1.65,8.842,16.365,24.215,-10,-20,-30,1.429,1.491,1.663,0,single_pore,0,3703,840,218.34,1.63,0,1,0,-195,3,2626,0,116.37,70.8,17207,0.0,0,32817,0,0,2683,0
16,1,17143,2.89,0.769,True,270,no_sample,AUC747,1.787,1.664,0,1,1,1.847,1.653,9.158,16.708,24.547,-10,-20,-30,1.837,1.835,1.664,0,single_pore,0,7419,1543,217.38,1.89,0,1,0,-195,3,5789,5033,116.87,60.1,30621,0.0,0,8000,0,0,11806,0
17,1,11458,5.1,0.758,True,93,no_sample,AUC747,0.772,1.655,0,1,1,0.837,1.615,7.916,15.24,23.074,-10,-20,-30,0.325,0.81,1.622,0,single_pore,0,6808,5720,211.49,1.75,0,1,0,-195,3,9901,0,114.03,65.1,28260,0.0,0,12288,0,0,11380,0
18,1,396,-5.6,0.613,True,1597,no_sample,AUC747,1.354,1.653,0,0,0,1.185,1.619,7.736,14.149,20.002,-10,-20,-30,2.75,1.341,1.649,0,unavailable,0,1256,4015,184.59,2.01,0,1,0,-195,3,0,1466,,,3249,0.0,0,11848,0,0,33842,0
19,1,13578,5.05,0.755,True,156,no_sample,AUC747,1.15,1.495,0,1,1,1.171,1.521,8.272,15.568,23.369,-10,-20,-30,0.839,1.185,1.498,0,single_pore,0,12951,1411,212.82,1.63,0,1,0,-195,3,4106,0,116.7,62.5,30791,0.0,0,11453,0,0,10917,0
20,1,17059,2.71,0.75,True,286,no_sample,AUC747,1.803,1.598,0,1,1,1.771,1.586,8.979,16.342,23.976,-10,-20,-30,1.912,1.764,1.594,0,single_pore,0,10507,2842,212.5,1.88,0,1,0,-195,3,7202,0,118.23,62.2,35054,0.0,0,12875,0,0,3140,0
21,1,0,,,False,0,no_sample,AUC747,,,0,0,0,,,,,,-10,-20,-30,,,,0,saturated,0,0,0,,,0,1,0,-195,3,0,0,,,0,0.0,0,0,0,0,0,0
22,1,0,,,False,0,no_sample,AUC747,,,0,0,0,,,,,,-10,-20,-30,,,,0,saturated,0,0,0,,,0,1,0,-195,3,0,0,,,0,0.0,0,0,0,0,0,0
23,1,12593,4.91,0.743,True,103,no_sample,AUC747,2.0,1.585,0,1,1,2.033,1.576,9.154,16.341,24.019,-10,-20,-30,2.198,2.046,1.586,0,single_pore,0,6962,800,213.5,1.64,0,1,0,-195,3,2496,0,121.06,55.7,22154,0.0,0,25542,0,0,5172,0
24,1,5057,4.72,0.751,True,90,no_sample,AUC747,2.473,1.631,0,0,0,2.521,1.65,9.481,16.756,24.503,-10,-20,-30,2.511,2.493,1.61,0,unavailable,0,2259,430,216.85,2.02,0,1,0,-195,3,0,2524,,,7406,0.0,0,41974,0,0,1294,0
25,1,18747,3.6,0.77,True,74,no_sample,AUC747,1.376,1.719,0,1,1,1.384,1.713,8.663,16.183,24.063,-10,-20,-30,1.169,1.335,1.7,0,single_pore,0,11233,1387,219.79,1.85,0,1,0,-195,3,3616,0,117.25,65.1,33670,0.0,0,10010,0,0,12378,0
26,1,0,6.38,1.51,False,38,no_sample,AUC747,3.944,1.814,0,0,0,3.931,1.802,18.06,32.836,48.25,-10,-20,-30,1.891,3.847,1.806,11063,multiple,0,1738,36147,225.78,2.35,0,1,0,-195,3,0,0,,,0,0.0,0,0,0,0,5294,0
27,1,3884,3.19,0.763,True,128,no_sample,AUC747,1.049,1.636,0,1,1,1.193,1.611,8.337,15.812,23.606,-10,-20,-30,0.847,1.15,1.597,0,single_pore,0,27614,4589,212.11,1.65,0,1,0,-195,3,6290,0,117.49,58.4,37916,0.0,0,0,0,0,12193,0
28,1,0,,,False,0,no_sample,AUC747,,,0,0,0,,,,,,-10,-20,-30,,,,0,saturated,0,0,0,,,0,1,0,-195,3,0,0,,,0,0.0,0,0,0,0,0,0
29,1,22156,3.98,0.762,True,209,no_sample,AUC747,1.426,1.611,0,1,1,1.533,1.599,8.727,16.147,23.965,-10,-20,-30,1.362,1.496,1.589,0,single_pore,0,10148,679,215.41,1.67,0,1,0,-195,3,8083,0,117.39,64.2,40596,0.0,0,5552,0,0,7645,0
30,1,21051,2.71,0.764,True,380,no_sample,AUC747,1.902,1.584,0,1,1,1.945,1.587,9.182,16.691,24.471,-10,-20,-30,1.95,1.884,1.583,0,single_pore,0,8526,1428,217.53,1.74,0,1,0,-195,3,5528,1513,116.94,62.3,35485,0.0,0,15036,0,0,2784,0
31,1,10876,3.26,0.761,True,18,no_sample,AUC747,1.861,1.538,0,1,1,1.924,1.498,9.043,16.485,24.253,-10,-20,-30,1.816,1.884,1.536,0,single_pore,0,5853,849,215.83,1.74,0,1,0,-195,3,4559,0,117.79,62.4,21306,0.0,0,25221,0,0,6075,0
32,1,14849,8.79,0.75,True,17,no_sample,AUC747,1.981,1.491,0,1,1,2.0,1.505,9.075,16.132,24.068,-10,-20,-30,1.885,1.975,1.507,0,single_pore,0,4148,1082,213.04,1.72,0,1,0,-195,3,5621,0,112.57,61.6,24635,0.0,0,29355,0,0,1131,0
33,1,1946,-0.07,0.734,True,0,no_sample,AUC747,1.74,1.624,0,0,0,1.742,1.599,8.65,15.991,23.325,-10,-20,-30,1.79,1.732,1.581,0,unavailable,0,895,327,209.85,1.67,0,1,0,-195,3,0,0,,,2841,0.0,0,49392,0,0,2008,0
34,1,0,,,False,0,no_sample,AUC747,,,0,0,0,,,,,,-10,-20,-30,,,,0,saturated,0,0,0,,,0,1,0,-195,3,0,0,,,0,0.0,0,0,0,0,0,0
35,1,0,-0.14,0.699,True,551,no_sample,AUC747,1.205,1.605,0,0,0,1.12,1.612,5.327,12.328,19.315,-10,-20,-30,-2.38,1.247,1.595,0,other,0,75,27261,192.58,2.97,0,1,0,-195,3,4428,0,91.87,63.7,5054,0.0,0,0,0,0,23457,0
36,1,0,2.75,0.749,True,877,no_sample,AUC747,2.36,1.587,0,0,0,2.331,1.584,9.435,16.792,24.424,-10,-20,-30,2.526,2.291,1.56,0,unavailable,0,260,2042,214.74,2.53,0,1,0,-195,3,4800,0,115.37,58.9,5937,0.0,0,5017,0,0,41479,0
37,1,0,,,False,0,no_sample,AUC747,,,0,0,0,,,,,,-10,-20,-30,,,,0,saturated,0,0,0,,,0,1,0,-195,3,0,0,,,0,0.0,0,0,0,0,0,0
38,1,0,-0.01,0.0,False,0,no_sample,AUC747,-1.298,0.645,0,0,0,-1.317,0.658,-1.3,-1.297,-1.295,-10,-20,-30,-5141.053,-1.305,0.643,0,zero,0,0,0,,,0,1,0,-195,3,0,0,,,0,0.0,0,0,0,0,0,55260
39,1,0,,,False,0,no_sample,AUC747,,,0,0,0,,,,,,-10,-20,-30,,,,0,saturated,0,0,0,,,0,1,0,-195,3,0,0,,,0,0.0,0,0,0,0,0,0
40,1,0,9.09,1.529,False,0,no_sample,AUC747,4.164,1.648,0,0,0,4.114,1.692,18.002,32.839,48.585,-10,-20,-30,1.667,4.251,1.611,3224,multiple,0,7370,42091,211.42,4.03,0,1,0,-195,3,0,0,,,0,0.0,0,0,0,0,1570,0
41,1,11184,43.43,0.77,True,190,no_sample,AUC747,1.287,1.633,0,1,1,1.375,1.618,8.682,14.207,24.075,-10,-20,-30,-0.186,1.336,1.63,0,single_pore,0,4806,1969,218.83,1.87,0,1,0,-195,3,4270,0,117.38,63.8,20450,0.0,0,23081,0,0,8604,0
42,1,0,,,False,0,no_sample,AUC747,,,0,0,0,,,,,,-10,-20,-30,,,,0,saturated,0,0,0,,,0,1,0,-195,3,0,0,,,0,0.0,0,0,0,0,0,0
43,1,18048,4.1,0.767,True,139,no_sample,AUC747,1.639,1.612,0,1,1,1.695,1.602,8.825,16.291,24.167,-10,-20,-30,1.41,1.679,1.648,0,single_pore,0,8960,1273,218.25,1.77,0,1,0,-195,3,7886,0,117.91,59.8,35033,0.0,0,14322,0,0,3478,0
44,1,5093,4.58,0.755,True,418,no_sample,AUC747,1.706,1.563,0,1,1,1.733,1.564,8.933,16.255,24.035,-10,-20,-30,1.722,1.682,1.53,0,single_pore,0,1278,1727,216.45,1.49,0,1,0,-195,3,6337,5012,115.39,51.7,13126,0.0,0,33903,0,0,1181,0
45,1,7224,4.97,0.751,True,286,no_sample,AUC747,1.874,1.63,0,1,1,1.961,1.608,9.081,16.344,24.104,-10,-20,-30,1.971,1.902,1.626,0,single_pore,0,5066,2470,217.95,1.83,0,1,0,-195,3,12226,3228,116.97,63.6,24802,0.0,0,17048,0,0,6540,0
46,1,8433,1.83,0.743,True,44,no_sample,AUC747,2.127,1.507,0,1,1,2.277,1.506,9.294,16.629,24.147,-10,-20,-30,2.472,2.249,1.49,0,single_pore,0,17446,1530,214.44,1.55,0,1,0,-195,3,7410,0,109.48,58.7,33333,0.0,0,24011,0,0,93,0
47,1,0,38.63,1.999,False,0,no_sample,AUC747,7.542,1.747,0,0,0,7.546,1.712,24.188,42.245,64.165,-10,-20,-30,1.711,7.49,1.682,9613,multiple,0,0,37998,,,0,1,0,-195,3,0,0,,,0,0.0,0,0,0,0,6785,0
48,1,0,,,False,0,no_sample,AUC747,,,0,0,0,,,,,,-10,-20,-30,,,,0,saturated,0,0,0,,,0,1,0,-195,3,0,0,,,0,0.0,0,0,0,0,0,0
49,1,0,,,False,0,no_sample,AUC747,,,0,0,0,,,,,,-10,-20,-30,,,,0,saturated,0,0,0,,,0,1,0,-195,3,0,0,,,0,0.0,0,0,0,0,0,0
50,1,0,,,False,0,no_sample,AUC747,,,0,0,0,,,,,,-10,-20,-30,,,,0,saturated,0,0,0,,,0,1,0,-195,3,0,0,,,0,0.0,0,0,0,0,0,0
51,1,0,-0.07,0.001,False,0,no_sample,AUC747,-1.219,0.598,0,0,0,-1.224,0.587,-1.219,-1.225,-1.238,-10,-20,-30,1216.007,-1.235,0.595,0,zero,0,0,0,,,0,1,0,-195,3,0,0,,,0,0.0,0,0,0,0,0,55268
52,1,0,-0.58,0.332,False,0,no_sample,AUC747,0.319,1.74,0,0,0,0.533,1.741,3.65,6.999,10.29,-10,-20,-30,1.023,0.286,1.736,0,unavailable,0,0,16,,,0,1,0,-195,3,0,0,,,0,0.0,0,38731,0,0,5000,0
53,1,195,0.63,0.423,True,351,no_sample,AUC747,1.041,1.599,0,0,0,1.107,1.609,5.277,9.472,13.73,-10,-20,-30,2.46,1.093,1.596,0,unavailable,0,0,3849,,,0,1,0,-195,3,0,0,,,546,0.0,0,24009,0,0,25534,0
54,1,0,,,False,0,no_sample,AUC747,,,0,0,0,,,,,,-10,-20,-30,,,,0,saturated,0,0,0,,,0,1,0,-195,3,0,0,,,0,0.0,0,0,0,0,0,0
55,1,8983,3.21,0.761,True,271,no_sample,AUC747,1.892,1.605,0,1,1,1.837,1.63,9.163,16.612,24.382,-10,-20,-30,1.968,1.852,1.632,0,single_pore,0,2482,15645,215.58,1.9,0,1,0,-195,3,3003,0,117.63,62.4,14739,0.0,0,6737,0,0,17562,0
56,1,9148,4.78,0.757,True,169,no_sample,AUC747,1.265,1.59,0,1,1,1.163,1.612,8.572,15.901,23.708,-10,-20,-30,1.214,1.346,1.577,0,single_pore,0,5528,2131,217.79,1.82,0,1,0,-195,3,11953,0,116.92,58.8,26798,0.0,0,21437,0,0,4008,0
57,1,7517,4.64,0.757,True,156,no_sample,AUC747,1.703,1.602,0,1,1,1.836,1.564,9.001,16.335,24.133,-10,-20,-30,1.788,1.808,1.551,0,single_pore,0,1772,25787,215.38,1.67,0,1,0,-195,3,3636,0,119.92,59.5,13081,0.0,0,16754,0,0,523,0
58,1,1463,2.28,0.745,True,0,no_sample,AUC747,1.826,1.535,0,0,0,1.839,1.587,8.811,16.15,23.717,-10,-20,-30,1.769,1.821,1.567,0,unavailable,0,6768,12635,212.1,1.68,0,1,0,-195,3,1285,0,116.68,62.2,9516,0.0,0,31773,0,0,346,0
59,1,29164,3.33,0.754,True,155,no_sample,AUC747,1.84,1.517,0,1,1,1.922,1.555,9.041,16.417,24.126,-10,-20,-30,1.91,1.881,1.539,0,single_pore,0,7711,1850,214.36,1.6,0,1,0,-195,3,9152,0,117.53,62.3,46182,0.0,0,0,0,0,7049,0
60,1,0,,,False,0,no_sample,AUC747,,,0,0,0,,,,,,-10,-20,-30,,,,0,saturated,0,0,0,,,0,1,0,-195,3,0,0,,,0,0.0,0,0,0,0,0,0
61,1,0,-1.79,0.495,True,8,no_sample,AUC747,1.089,1.681,0,0,0,1.568,1.604,6.666,11.705,16.565,-10,-20,-30,3.526,1.187,1.657,0,zero,0,0,1087,,,0,1,0,-195,3,0,12843,,,8,0.0,0,13140,0,0,3316,25026
62,1,0,,,False,0,no_sample,AUC747,,,0,0,0,,,,,,-10,-20,-30,,,,0,saturated,0,0,0,,,0,1,0,-195,3,0,0,,,0,0.0,0,0,0,0,0,0
63,1,0,,,False,0,no_sample,AUC747,,,0,0,0,,,,,,-10,-20,-30,,,,0,saturated,0,0,0,,,0,1,0,-195,3,0,0,,,0,0.0,0,0,0,0,0,0
64,1,0,0.19,0.044,False,0,no_sample,AUC747,-1.247,1.765,0,0,0,-1.076,1.755,-0.681,-0.252,0.196,-10,-20,-30,-25.602,-1.144,1.746,0,zero,0,0,0,,,0,1,0,-195,3,0,0,,,0,0.0,0,0,0,0,0,55214
65,1,6476,2.21,0.774,True,95,no_sample,AUC747,1.78,1.761,0,1,1,1.808,1.765,9.166,16.798,24.651,-10,-20,-30,1.79,1.849,1.749,0,single_pore,0,5482,20882,219.56,1.92,0,1,0,-195,3,6080,0,118.62,63.9,18133,0.0,0,12832,0,0,4730,0
66,1,6119,3.46,0.767,True,7699,no_sample,AUC747,1.481,1.563,0,1,1,1.531,1.581,8.838,16.339,24.186,-10,-20,-30,1.438,1.477,1.58,0,single_pore,0,859,6427,215.71,1.53,0,1,0,-195,3,7962,10031,114.05,60.9,22639,0.0,0,4540,0,0,10292,285
67,1,0,-0.73,0.09,False,0,no_sample,AUC747,1.499,1.638,0,0,0,-1.21,1.591,-0.216,0.725,1.593,-10,-20,-30,-12.258,-1.146,1.603,0,zero,0,0,0,,,0,1,0,-195,3,0,0,,,0,0.0,0,0,0,0,14,55083
68,1,10029,2.89,0.752,True,34,no_sample,AUC747,1.263,1.589,0,1,1,1.257,1.573,8.429,15.807,23.474,-10,-20,-30,1.138,1.317,1.619,0,single_pore,0,6931,544,211.65,1.62,0,1,0,-195,3,8227,0,118.73,67.6,25221,0.0,0,23209,0,0,4756,0
69,1,25080,2.51,0.759,True,179,no_sample,AUC747,1.681,1.581,0,1,1,1.701,1.545,9.023,16.483,24.194,-10,-20,-30,1.838,1.709,1.565,0,single_pore,0,5035,1855,215.76,1.78,0,1,0,-195,3,2578,0,120.24,50.6,32872,0.0,0,12055,0,0,7268,0
70,1,13528,2.93,0.755,True,99,no_sample,AUC747,1.498,1.477,0,1,1,1.528,1.498,8.623,16.026,23.722,-10,-20,-30,1.355,1.453,1.47,0,single_pore,0,20369,361,216.39,1.54,0,1,0,-195,3,5241,0,118.94,64.1,39237,0.0,0,13348,0,0,1517,0
71,1,0,,,False,0,no_sample,AUC747,,,0,0,0,,,,,,-10,-20,-30,,,,0,saturated,0,0,0,,,0,1,0,-195,3,0,0,,,0,0.0,0,0,0,0,0,0
72,1,12817,2.29,0.741,True,148,no_sample,AUC747,1.866,1.516,0,1,1,1.9,1.491,8.961,16.261,23.79,-10,-20,-30,2.033,1.889,1.497,0,single_pore,0,6598,350,210.35,1.62,0,1,0,-195,3,6385,15024,114.86,57.9,25948,0.0,0,16997,0,0,579,0
73,1,0,,,False,0,no_sample,AUC747,,,0,0,0,,,,,,-10,-20,-30,,,,0,saturated,0,0,0,,,0,1,0,-195,3,0,0,,,0,0.0,0,0,0,0,0,0
74,1,0,48.79,0.557,True,78,no_sample,AUC747,1.324,1.543,0,0,0,0.829,1.517,6.073,9.206,17.218,-10,-20,-30,-1.728,1.518,1.529,0,unavailable,0,0,109,,,0,1,0,-195,3,0,0,,,78,0.0,0,31432,0,0,23791,0
75,1,0,,,False,0,no_sample,AUC747,,,0,0,0,,,,,,-10,-20,-30,,,,0,saturated,0,0,0,,,0,1,0,-195,3,0,0,,,0,0.0,0,0,0,0,0,0
76,1,0,,,False,0,no_sample,AUC747,,,0,0,0,,,,,,-10,-20,-30,,,,0,saturated,0,0,0,,,0,1,0,-195,3,0,0,,,0,0.0,0,0,0,0,0,0
77,1,0,,,False,0,no_sample,AUC747,,,0,0,0,,,,,,-10,-20,-30,,,,0,saturated,0,0,0,,,0,1,0,-195,3,0,0,,,0,0.0,0,0,0,0,0,0
78,1,3067,3.87,0.78,True,167,no_sample,AUC747,1.973,1.684,0,0,0,2.065,1.712,9.32,16.925,24.917,-10,-20,-30,1.864,1.993,1.689,0,unavailable,0,1313,5680,220.18,1.48,0,1,0,-195,3,6752,5002,114.3,52.7,11299,0.0,0,30579,0,0,4007,0
79,1,18491,4.18,0.765,True,132,no_sample,AUC747,1.594,1.667,0,1,1,1.611,1.639,8.727,16.165,24.021,-10,-20,-30,1.316,1.588,1.613,0,single_pore,0,15483,1576,217.38,1.69,0,1,0,-195,3,10475,0,116.37,62.8,44581,0.0,0,0,0,0,9022,0
80,1,0,-31.45,0.153,False,0,no_sample,AUC747,0.604,1.723,0,0,0,-1.066,1.559,0.851,3.954,3.912,-10,-20,-30,-5.957,-0.523,1.572,0,unavailable,0,0,6,,,0,1,0,-195,3,0,0,,,0,0.0,0,38739,0,0,5000,0
81,1,0,0.7,0.073,False,0,no_sample,AUC747,-1.037,1.53,0,0,0,-0.966,1.53,-0.526,0.172,0.94,-10,-20,-30,-17.337,-1.06,1.514,0,zero,0,0,0,,,0,1,0,-195,3,0,0,,,0,0.0,0,0,0,0,0,55175
82,1,7196,1.68,0.76,True,20,no_sample,AUC747,2.139,1.659,0,0,0,2.116,1.638,9.322,16.835,24.516,-10,-20,-30,2.233,2.1,1.595,0,zero,0,1386,514,215.23,1.58,0,1,0,-195,3,2563,0,117.07,70.8,11165,0.0,0,10008,0,0,4505,17373
83,1,15279,9.04,0.75,True,78,no_sample,AUC747,1.79,1.517,0,1,1,1.849,1.516,8.933,15.978,23.927,-10,-20,-30,1.688,1.769,1.538,0,single_pore,0,4847,670,214.88,1.69,0,1,0,-195,3,1375,0,117.78,54.5,21579,0.0,0,0,0,0,7267,25061
84,1,1238,4.28,0.742,True,61,no_sample,AUC747,1.87,1.536,0,1,1,1.908,1.523,9.118,16.324,23.958,-10,-20,-30,2.186,1.9,1.569,0,single_pore,0,15197,2368,209.24,2.16,0,1,0,-195,3,1187,0,111.32,48.5,17683,0.0,0,0,0,0,34686,0
85,1,0,,,False,0,no_sample,AUC747,,,0,0,0,,,,,,-10,-20,-30,,,,0,saturated,0,0,0,,,0,1,0,-195,3,0,0,,,0,0.0,0,0,0,0,0,0
86,1,0,,,False,0,no_sample,AUC747,,,0,0,0,,,,,,-10,-20,-30,,,,0,saturated,0,0,0,,,0,1,0,-195,3,0,0,,,0,0.0,0,0,0,0,0,0
87,1,2749,3.2,0.751,True,52,no_sample,AUC747,2.171,1.585,0,0,0,2.255,1.548,9.17,16.522,24.194,-10,-20,-30,2.133,2.13,1.569,0,unavailable,0,2192,385,213.66,1.88,0,1,0,-195,3,1170,12165,110.5,58.8,6163,0.0,0,31507,0,0,2749,0
88,1,0,,,False,0,no_sample,AUC747,,,0,0,0,,,,,,-10,-20,-30,,,,0,saturated,0,0,0,,,0,1,0,-195,3,0,0,,,0,0.0,0,0,0,0,0,0
89,1,0,,,False,0,no_sample,AUC747,,,0,0,0,,,,,,-10,-20,-30,,,,0,saturated,0,0,0,,,0,1,0,-195,3,0,0,,,0,0.0,0,0,0,0,0,0
90,1,0,4.47,0.767,True,59,no_sample,AUC747,1.698,1.686,0,0,0,1.687,1.734,8.946,16.394,24.289,-10,-20,-30,1.558,1.695,1.721,0,unavailable,0,0,208,,,0,1,0,-195,3,0,5197,,,59,0.0,0,33308,0,0,5519,0
91,1,9063,3.74,0.777,True,176,no_sample,AUC747,1.817,1.842,0,1,1,1.856,1.823,9.218,16.805,24.766,-10,-20,-30,1.773,1.874,1.872,0,single_pore,0,6060,2695,218.33,1.91,0,1,0,-195,3,0,0,,,15299,0.0,0,25450,0,0,9829,342
92,1,2268,2.32,0.821,True,140,no_sample,AUC747,2.492,1.633,0,0,0,2.552,1.589,10.432,18.524,26.848,-10,-20,-30,2.661,2.433,1.559,0,unavailable,0,7866,21493,220.72,1.9,0,1,0,-195,3,0,0,,,10274,0.0,0,13882,0,0,8260,0
93,1,4905,3.76,0.776,True,78,no_sample,AUC747,1.63,1.636,0,0,0,1.639,1.621,8.987,16.561,24.511,-10,-20,-30,1.493,1.683,1.632,0,unavailable,0,7050,108,221.44,1.74,0,1,0,-195,3,0,13726,,,12033,0.0,0,15223,0,0,2915,0
94,1,15154,4.03,0.757,True,168,no_sample,AUC747,1.393,1.579,0,1,1,1.434,1.544,8.639,16.004,23.772,-10,-20,-30,1.324,1.394,1.551,0,single_pore,0,9628,877,214.98,1.64,0,1,0,-195,3,4932,0,112.17,56.9,29882,0.0,0,12561,0,0,10978,0
95,1,0,2.64,0.052,False,0,no_sample,AUC747,0.336,1.607,0,0,0,0.455,1.645,1.498,1.888,2.542,-10,-20,-30,17.064,0.261,1.59,0,unavailable,0,0,13,,,0,1,0,-195,3,0,0,,,0,0.0,0,38736,0,0,5000,0
96,1,15493,3.28,0.76,True,161,no_sample,AUC747,1.533,1.522,0,1,1,1.527,1.527,8.738,16.173,23.936,-10,-20,-30,1.424,1.506,1.52,0,single_pore,0,4368,1353,215.05,1.65,0,1,0,-195,3,10998,5006,113.91,61.7,31020,0.0,0,11194,0,0,8441,0
97,1,3622,4.36,0.756,True,15,no_sample,AUC747,2.332,1.584,0,0,0,2.369,1.604,9.511,16.854,24.633,-10,-20,-30,2.477,2.34,1.584,0,unavailable,0,1171,939,214.9,1.93,0,1,0,-195,3,0,13219,,,4808,0.0,0,26495,0,0,7507,0
98,1,22376,3.2,0.745,True,56,no_sample,AUC747,1.597,1.575,0,1,1,1.595,1.527,8.668,15.962,23.576,-10,-20,-30,1.554,1.539,1.568,0,single_pore,0,5421,752,213.61,1.67,0,1,0,-195,3,5788,13143,113.55,65.2,33641,0.0,0,5004,0,0,3446,0
99,1,0,,,False,0,no_sample,AUC747,,,0,0,0,,,,,,-10,-20,-30,,,,0,saturated,0,0,0,,,0,1,0,-195,3,0,0,,,0,0.0,0,0,0,0,0,0
100,1,0,,,False,0,no_sample,AUC747,,,0,0,0,,,,,,-10,-20,-30,,,,0,saturated,0,0,0,,,0,1,0,-195,3,0,0,,,0,0.0,0,0,0,0,0,0
101,1,0,,,False,0,no_sample,AUC747,,,0,0,0,,,,,,-10,-20,-30,,,,0,saturated,0,0,0,,,0,1,0,-195,3,0,0,,,0,0.0,0,0,0,0,0,0
102,1,0,,,False,0,no_sample,AUC747,,,0,0,0,,,,,,-10,-20,-30,,,,0,saturated,0,0,0,,,0,1,0,-195,3,0,0,,,0,0.0,0,0,0,0,0,0
103,1,0,,,False,0,no_sample,AUC747,,,0,0,0,,,,,,-10,-20,-30,,,,0,saturated,0,0,0,,,0,1,0,-195,3,0,0,,,0,0.0,0,0,0,0,0,0
104,1,2859,3.75,0.764,True,4,no_sample,AUC747,1.8,1.778,0,1,1,1.845,1.784,9.157,16.611,24.44,-10,-20,-30,1.897,1.851,1.765,0,single_pore,0,3376,203,216.63,1.77,0,1,0,-195,3,14497,5006,114.1,57.7,20736,0.0,0,30042,0,0,1188,0
105,1,0,53.71,0.709,False,0,no_sample,AUC747,0.762,1.584,0,0,0,0.877,1.605,5.667,10.076,19.856,-10,-20,-30,-4.036,1.078,1.612,0,unavailable,0,0,6,,,0,1,0,-195,3,0,0,,,0,0.0,0,43736,0,0,0,240
106,1,12637,3.76,0.763,True,175,no_sample,AUC747,1.167,1.59,0,1,1,1.237,1.587,8.494,15.936,23.754,-10,-20,-30,1.046,1.268,1.599,0,single_pore,0,5008,1050,215.97,1.69,0,1,0,-195,3,4860,10009,114.23,63.7,22680,0.0,0,12478,0,0,7751,0
107,1,11052,4.74,0.765,True,62,no_sample,AUC747,1.618,1.58,0,1,1,1.675,1.564,8.892,16.304,24.19,-10,-20,-30,1.515,1.648,1.568,0,single_pore,0,23478,709,215.15,1.66,0,1,0,-195,3,1132,0,116.59,67.6,35724,0.0,0,11550,0,0,6497,0
108,1,0,3.64,0.747,True,12,no_sample,AUC747,1.488,1.573,0,0,0,1.536,1.564,8.568,15.854,23.504,-10,-20,-30,1.387,1.571,1.562,0,unavailable,0,7590,509,203.76,1.68,0,1,0,-195,3,0,12699,,,7602,0.0,0,24077,0,0,7980,0
109,1,0,2.29,0.693,True,0,no_sample,AUC747,1.978,1.553,0,0,0,2.02,1.544,8.585,15.398,22.44,-10,-20,-30,2.336,1.982,1.57,0,unavailable,0,1453,82,209.39,1.63,0,1,0,-195,3,0,0,,,1453,0.0,0,43934,0,0,6,0
110,1,17519,8.31,0.772,True,76,no_sample,AUC747,1.805,1.535,0,1,1,1.887,1.539,8.987,16.292,24.428,-10,-20,-30,1.44,1.868,1.54,0,single_pore,0,7253,5743,216.07,1.7,0,1,0,-195,3,3075,0,122.18,60.5,27923,0.0,0,23137,0,0,946,0
111,1,4932,2.22,0.742,True,28,no_sample,AUC747,1.533,1.533,0,0,0,1.579,1.533,8.645,15.958,23.493,-10,-20,-30,1.593,1.572,1.495,0,other,0,1902,48770,211.61,1.8,0,1,0,-195,3,0,0,,,6862,0.0,0,0,0,0,252,0
112,1,16947,4.01,0.743,True,188,no_sample,AUC747,2.357,1.556,0,1,1,2.385,1.53,9.427,16.652,24.278,-10,-20,-30,2.6,2.375,1.548,0,single_pore,0,6910,1091,213.8,1.74,0,1,0,-195,3,3541,0,111.64,55.3,27586,0.0,0,19599,0,0,6154,58
113,1,0,,,False,0,no_sample,AUC747,,,0,0,0,,,,,,-10,-20,-30,,,,0,saturated,0,0,0,,,0,1,0,-195,3,0,0,,,0,0.0,0,0,0,0,0,0
114,1,0,,,False,0,no_sample,AUC747,,,0,0,0,,,,,,-10,-20,-30,,,,0,saturated,0,0,0,,,0,1,0,-195,3,0,0,,,0,0.0,0,0,0,0,0,0
115,1,12625,2.44,0.78,True,189,no_sample,AUC747,2.259,1.793,0,1,1,2.347,1.794,9.625,17.306,25.231,-10,-20,-30,2.281,2.313,1.774,0,single_pore,0,9193,870,219.3,1.83,0,1,0,-195,3,7343,0,119.26,64.3,29350,0.0,0,10016,0,0,14641,172
116,1,0,-5.13,0.629,True,0,no_sample,AUC747,0.629,1.789,0,0,0,0.879,1.813,5.068,11.618,17.655,-10,-20,-30,-1.821,0.429,1.786,0,other,0,0,4207,,,0,1,0,-195,3,5001,35025,120.86,38.2,5001,0.0,0,0,0,0,11063,0
117,1,0,-0.09,0.0,False,0,no_sample,AUC747,-0.942,0.527,0,0,0,-0.956,0.523,-0.932,-0.929,-0.935,-10,-20,-30,1533.333,-0.956,0.513,0,zero,0,0,0,,,0,1,0,-195,3,0,0,,,0,0.0,0,0,0,0,0,55179
118,1,23858,3.43,0.771,True,106,no_sample,AUC747,1.467,1.714,0,1,1,1.582,1.686,8.815,16.356,24.24,-10,-20,-30,1.352,1.54,1.733,0,single_pore,0,8580,2269,216.68,1.86,0,1,0,-195,3,8176,0,118.15,63.8,40720,0.0,0,0,0,0,11676,0
119,1,2500,2.23,0.767,True,106,no_sample,AUC747,1.624,1.609,0,1,1,1.675,1.576,8.804,16.362,24.143,-10,-20,-30,1.429,1.658,1.567,0,single_pore,0,15532,733,209.51,1.72,0,1,0,-195,3,1199,0,119.55,62.2,19337,0.0,0,11703,0,0,23235,0
120,1,29427,3.0,0.747,True,148,no_sample,AUC747,2.121,1.661,0,1,1,2.149,1.647,9.299,16.615,24.231,-10,-20,-30,2.385,2.139,1.665,0,single_pore,0,12061,1967,213.17,2.02,0,1,0,-195,3,3024,0,118.33,62.6,44660,0.0,0,0,0,0,7789,19
121,1,4299,4.32,0.75,True,84,no_sample,AUC747,1.878,1.608,0,1,1,1.929,1.588,8.725,16.01,23.727,-10,-20,-30,1.53,1.945,1.586,0,single_pore,0,4258,1159,216.3,1.62,0,1,0,-195,3,6566,20020,119.04,59.3,15207,0.0,0,15040,0,0,6704,0
122,1,0,4.03,0.622,True,26,no_sample,AUC747,1.37,1.578,0,0,0,1.516,1.585,6.985,13.004,19.426,-10,-20,-30,1.114,1.58,1.554,0,unavailable,0,155,3837,176.16,4.4,0,1,0,-195,3,0,0,,,181,0.0,0,25932,0,0,24825,0
123,1,16915,2.34,0.74,True,11,no_sample,AUC747,1.841,1.589,0,1,1,1.838,1.577,8.845,16.132,23.653,-10,-20,-30,1.892,1.874,1.538,0,single_pore,0,6179,1177,211.37,1.82,0,1,0,-195,3,4040,0,118.07,63.0,27145,0.0,0,22209,0,0,5076,0
124,1,0,,,False,0,no_sample,AUC747,,,0,0,0,,,,,,-10,-20,-30,,,,0,saturated,0,0,0,,,0,1,0,-195,3,0,0,,,0,0.0,0,0,0,0,0,0
125,1,0,-1.31,0.022,False,0,no_sample,AUC747,-0.884,1.617,0,0,0,-0.884,1.58,-0.547,-0.266,-0.116,-10,-20,-30,-33.94,-0.889,1.581,0,zero,0,0,0,,,0,1,0,-195,3,0,0,,,0,0.0,0,0,0,0,0,55280
126,1,5182,2.91,0.746,True,3,no_sample,AUC747,2.256,1.609,0,1,1,2.193,1.6,9.345,16.66,24.266,-10,-20,-30,2.458,2.287,1.63,0,single_pore,0,3058,685,212.75,1.67,0,1,0,-195,3,5006,20038,84.63,50.4,13249,0.0,0,20030,0,0,1337,0
